ID_ESTAC,NOM_ESTACIO,NOM_ORIGINAL,DATA_DIA,DATA_EXTRACCIO,URL_FONT,GRUIX_NEU_MAX,HUMITAT_MITJANA_DIA,PRECIPITACIO_ACUM_DIA,PRESSIO_ATMOSFERICA,RADIACIO_GLOBAL,RATXA_VENT_MAX,TEMPERATURA_MAXIMA_DIA,TEMPERATURA_MINIMA_DIA,TEMPERATURA_MITJANA_DIA
YT,Alt Àneu - Bonabé (1.693 m),ALT_ANEU___BONABE_1693_M_YT,2026-09-28,2026-09-28 12:19:28,https://www.meteo.cat/observacions/xema/dades?codi=YT&dia=2026-09-28T09:00Z,6 cm,84%,0.0 mm,,5.5 MJ/m2,,18.6 °C 11:24 TU,10.1 °C 2:41 TU,12.9 °C
Z1,Alt Àneu - Bonaigua (2.266 m),ALT_ANEU___BONAIGUA_2266_M_Z1,2026-09-28,2026-09-28 12:19:30,https://www.meteo.cat/observacions/xema/dades?codi=Z1&dia=2026-09-28T09:00Z,6 cm,93%,0.0 mm,,9.1 MJ/m2,30.2 km/h - 110º 2:10 TU,12.3 °C 11:57 TU,8.8 °C 5:55 TU,10.1 °C
DN,Anglès,ANGLES_DN,2026-09-28,2026-09-28 12:19:33,https://www.meteo.cat/observacions/xema/dades?codi=DN&dia=2026-09-28T09:00Z,,86%,0.0 mm,1019.3 hPa,7.3 MJ/m2,27.0 km/h - 150º 11:24 TU,28.0 °C 11:50 TU,15.3 °C 5:50 TU,20.3 °C
Z6,Arres - Sasseuva (2.228 m),ARRES___SASSEUVA_2228_M_Z6,2026-09-28,2026-09-28 12:19:37,https://www.meteo.cat/observacions/xema/dades?codi=Z6&dia=2026-09-28T09:00Z,3 cm,61%,0.0 mm,,9.0 MJ/m2,11.5 km/h - 256º 4:37 TU,16.7 °C 11:50 TU,9.7 °C 4:09 TU,12.5 °C
DJ,Banyoles,BANYOLES_DJ,2026-09-28,2026-09-28 12:19:40,https://www.meteo.cat/observacions/xema/dades?codi=DJ&dia=2026-09-28T09:00Z,,86%,0.0 mm,1019.3 hPa,8.3 MJ/m2,29.2 km/h - 225º 11:44 TU,27.8 °C 11:42 TU,18.2 °C 5:51 TU,21.7 °C
X4,Barcelona - el Raval,BARCELONA___EL_RAVAL_X4,2026-09-28,2026-09-28 12:19:43,https://www.meteo.cat/observacions/xema/dades?codi=X4&dia=2026-09-28T09:00Z,,71%,0.0 mm,1019.2 hPa,7.4 MJ/m2,16.2 km/h - 81º 11:56 TU,27.4 °C 11:28 TU,23.0 °C 5:11 TU,24.4 °C
D5,Barcelona - Observatori Fabra,BARCELONA___OBSERVATORI_FABRA_D5,2026-09-28,2026-09-28 12:19:46,https://www.meteo.cat/observacions/xema/dades?codi=D5&dia=2026-09-28T09:00Z,,85%,0.0 mm,1019.2 hPa,5.8 MJ/m2,17.3 km/h - 133º 11:49 TU,26.8 °C 11:53 TU,18.9 °C 4:06 TU,21.0 °C
YS,Cabanes,CABANES_YS,2026-09-28,2026-09-28 12:19:49,https://www.meteo.cat/observacions/xema/dades?codi=YS&dia=2026-09-28T09:00Z,,81%,0.0 mm,,8.8 MJ/m2,20.5 km/h - 162º 11:24 TU,29.6 °C 11:44 TU,17.1 °C 6:02 TU,22.1 °C
UN,Cassà de la Selva,CASSA_DE_LA_SELVA_UN,2026-09-28,2026-09-28 12:19:53,https://www.meteo.cat/observacions/xema/dades?codi=UN&dia=2026-09-28T09:00Z,,91%,1.1 mm,,6.4 MJ/m2,23.0 km/h - 228º 10:48 TU,27.0 °C 11:54 TU,15.6 °C 5:33 TU,19.6 °C
MS,Castellar de N'hug - el Clot del Moro,CASTELLAR_DE_NHUG___EL_CLOT_DEL_MORO_MS,2026-09-28,2026-09-28 12:19:55,https://www.meteo.cat/observacions/xema/dades?codi=MS&dia=2026-09-28T09:00Z,,81%,0.0 mm,,,,24.3 °C 11:45 TU,15.0 °C 6:45 TU,17.3 °C
W1,Castelló D'empúries,CASTELLO_DEMPURIES_W1,2026-09-28,2026-09-28 12:19:58,https://www.meteo.cat/observacions/xema/dades?codi=W1&dia=2026-09-28T09:00Z,,90%,0.0 mm,,,,27.9 °C 11:25 TU,17.0 °C 4:54 TU,22.0 °C
DP,Das - Aeròdrom,DAS___AERODROM_DP,2026-09-28,2026-09-28 12:20:02,https://www.meteo.cat/observacions/xema/dades?codi=DP&dia=2026-09-28T09:00Z,1 cm,81%,0.0 mm,1019.6 hPa,8.9 MJ/m2,26.3 km/h - 209º 11:44 TU,24.5 °C 11:54 TU,11.2 °C 5:20 TU,15.1 °C
XL,El Prat de Llobregat - el Prat de Llobregat,EL_PRAT_DE_LLOBREGAT___EL_PRAT_DE_LLOBREGAT_XL,2026-09-28,2026-09-28 12:20:05,https://www.meteo.cat/observacions/xema/dades?codi=XL&dia=2026-09-28T09:00Z,,85%,0.0 mm,,6.9 MJ/m2,24.8 km/h - 164º 11:31 TU,28.9 °C 10:45 TU,19.3 °C 0:55 TU,22.0 °C
VZ,Espolla,ESPOLLA_VZ,2026-09-28,2026-09-28 12:20:08,https://www.meteo.cat/observacions/xema/dades?codi=VZ&dia=2026-09-28T09:00Z,,81%,0.0 mm,,,,28.5 °C 11:52 TU,17.7 °C 6:03 TU,22.4 °C
Z7,Espot (2.519 m),ESPOT_2519_M_Z7,2026-09-28,2026-09-28 12:20:11,https://www.meteo.cat/observacions/xema/dades?codi=Z7&dia=2026-09-28T09:00Z,sense dades,73%,0.0 mm,,6.8 MJ/m2,20.2 km/h - 208º 6:28 TU,11.7 °C 0:00 TU,6.8 °C 3:20 TU,9.5 °C
XK,Fogars de Montclús - Puig Sesolles (1.668 m),FOGARS_DE_MONTCLUS___PUIG_SESOLLES_1668_M_XK,2026-09-28,2026-09-28 12:20:14,https://www.meteo.cat/observacions/xema/dades?codi=XK&dia=2026-09-28T09:00Z,1 cm,89%,0.0 mm,,5.2 MJ/m2,39.2 km/h - 220º 6:20 TU,14.8 °C 9:06 TU,8.7 °C 3:34 TU,11.6 °C
XJ,Girona,GIRONA_XJ,2026-09-28,2026-09-28 12:20:17,https://www.meteo.cat/observacions/xema/dades?codi=XJ&dia=2026-09-28T09:00Z,,88%,0.1 mm,1019.5 hPa,7.7 MJ/m2,27.0 km/h - 165º 11:59 TU,29.0 °C 11:56 TU,16.2 °C 5:51 TU,20.4 °C
YU,L'esquirol - Cantonigròs,LESQUIROL___CANTONIGROS_YU,2026-09-28,2026-09-28 12:20:20,https://www.meteo.cat/observacions/xema/dades?codi=YU&dia=2026-09-28T09:00Z,,89%,0.0 mm,,5.4 MJ/m2,23.8 km/h - 207º 11:49 TU,23.3 °C 11:11 TU,14.8 °C 6:00 TU,16.9 °C
ZE,La Coma i la Pedra - el Port del Comte (2.290 m),LA_COMA_I_LA_PEDRA___EL_PORT_DEL_COMTE_2290_M_ZE,2026-09-28,2026-09-28 12:20:23,https://www.meteo.cat/observacions/xema/dades?codi=ZE&dia=2026-09-28T09:00Z,sense dades,63%,0.0 mm,,8.1 MJ/m2,27.0 km/h - 218º 3:01 TU,12.5 °C 9:17 TU,9.1 °C 5:16 TU,10.4 °C
CD,La Seu D'urgell - la Seu D'urgell - Bellestar,LA_SEU_DURGELL___LA_SEU_DURGELL___BELLESTAR_CD,2026-09-28,2026-09-28 12:20:27,https://www.meteo.cat/observacions/xema/dades?codi=CD&dia=2026-09-28T09:00Z,,73%,0.0 mm,1018.9 hPa,8.9 MJ/m2,19.8 km/h - 225º 10:28 TU,25.6 °C 11:38 TU,14.4 °C 5:35 TU,18.1 °C
Z2,La Vall de Boí - Boí (2.535 m),LA_VALL_DE_BOI___BOI_2535_M_Z2,2026-09-28,2026-09-28 12:20:31,https://www.meteo.cat/observacions/xema/dades?codi=Z2&dia=2026-09-28T09:00Z,5 cm,72%,0.0 mm,,5.9 MJ/m2,15.5 km/h - 202º 5:01 TU,10.7 °C 9:11 TU,6.8 °C 2:28 TU,9.2 °C
Z5,Lladorre - Certascan (2.400 m),LLADORRE___CERTASCAN_2400_M_Z5,2026-09-28,2026-09-28 12:20:33,https://www.meteo.cat/observacions/xema/dades?codi=Z5&dia=2026-09-28T09:00Z,sense dades,79%,0.0 mm,,7.6 MJ/m2,16.6 km/h - 185º 2:39 TU,12.4 °C 11:58 TU,7.9 °C 3:57 TU,9.8 °C
VK,Lleida - Raimat,LLEIDA___RAIMAT_VK,2026-09-28,2026-09-28 12:20:37,https://www.meteo.cat/observacions/xema/dades?codi=VK&dia=2026-09-28T09:00Z,,76%,0.0 mm,1018.5 hPa,9.0 MJ/m2,30.6 km/h - 94º 1:36 TU,28.1 °C 11:52 TU,19.5 °C 4:48 TU,21.8 °C
Z3,Meranges - Malniu (2.230 m),MERANGES___MALNIU_2230_M_Z3,2026-09-28,2026-09-28 12:20:41,https://www.meteo.cat/observacions/xema/dades?codi=Z3&dia=2026-09-28T09:00Z,sense dades,64%,0.0 mm,,9.9 MJ/m2,15.8 km/h - 239º 4:36 TU,16.2 °C 11:47 TU,8.6 °C 1:43 TU,12.0 °C
CG,Molló - Fabert,MOLLO___FABERT_CG,2026-09-28,2026-09-28 12:20:44,https://www.meteo.cat/observacions/xema/dades?codi=CG&dia=2026-09-28T09:00Z,1 cm,84%,0.0 mm,1018.3 hPa,9.6 MJ/m2,35.6 km/h - 223º 11:30 TU,20.9 °C 11:54 TU,12.2 °C 6:17 TU,15.0 °C
Z9,Montellà i Martinet - Cadí Nord (2.143 m) - Prat D'aguiló,MONTELLA_I_MARTINET___CADI_NORD_2143_M___PRAT_DAGU,2026-09-28,2026-09-28 12:20:47,https://www.meteo.cat/observacions/xema/dades?codi=Z9&dia=2026-09-28T09:00Z,1 cm,76%,0.0 mm,,9.0 MJ/m2,20.5 km/h - 257º 3:34 TU,14.9 °C 11:42 TU,8.3 °C 5:57 TU,10.7 °C
YB,Olot,OLOT_YB,2026-09-28,2026-09-28 12:20:49,https://www.meteo.cat/observacions/xema/dades?codi=YB&dia=2026-09-28T09:00Z,,80%,0.0 mm,1019.1 hPa,8.9 MJ/m2,29.9 km/h - 168º 11:27 TU,27.8 °C 11:38 TU,16.0 °C 6:07 TU,20.2 °C
YP,Palafrugell,PALAFRUGELL_YP,2026-09-28,2026-09-28 12:20:52,https://www.meteo.cat/observacions/xema/dades?codi=YP&dia=2026-09-28T09:00Z,,87%,0.0 mm,,7.1 MJ/m2,33.1 km/h - 140º 11:59 TU,28.6 °C 9:33 TU,14.9 °C 5:38 TU,20.9 °C
J5,Pantà de Darnius - Boadella,PANTA_DE_DARNIUS___BOADELLA_J5,2026-09-28,2026-09-28 12:20:55,https://www.meteo.cat/observacions/xema/dades?codi=J5&dia=2026-09-28T09:00Z,,82%,0.0 mm,1019.0 hPa,9.4 MJ/m2,35.6 km/h - 176º 11:51 TU,29.0 °C 11:37 TU,18.4 °C 5:45 TU,21.9 °C
D6,Portbou - Coll dels Belitres,PORTBOU___COLL_DELS_BELITRES_D6,2026-09-28,2026-09-28 12:20:59,https://www.meteo.cat/observacions/xema/dades?codi=D6&dia=2026-09-28T09:00Z,,82%,0.0 mm,1018.4 hPa,8.2 MJ/m2,51.1 km/h - 175º 11:37 TU,25.6 °C 11:59 TU,20.9 °C 5:40 TU,22.3 °C
XR,Prades,PRADES_XR,2026-09-28,2026-09-28 12:21:02,https://www.meteo.cat/observacions/xema/dades?codi=XR&dia=2026-09-28T09:00Z,7 cm,90%,0.0 mm,,7.8 MJ/m2,16.6 km/h - 98º 10:02 TU,23.4 °C 11:45 TU,15.4 °C 2:38 TU,17.8 °C
YA,Puigcerdà,PUIGCERDA_YA,2026-09-28,2026-09-28 12:21:05,https://www.meteo.cat/observacions/xema/dades?codi=YA&dia=2026-09-28T09:00Z,,76%,0.0 mm,1018.6 hPa,9.2 MJ/m2,16.2 km/h - 240º 11:57 TU,23.9 °C 11:56 TU,13.2 °C 0:06 TU,16.2 °C
DG,Queralbs - Núria (1.971 m),QUERALBS___NURIA_1971_M_DG,2026-09-28,2026-09-28 12:21:08,https://www.meteo.cat/observacions/xema/dades?codi=DG&dia=2026-09-28T09:00Z,12 cm,73%,0.0 mm,,8.7 MJ/m2,12.2 km/h - 212º 10:37 TU,15.6 °C 11:48 TU,5.7 °C 2:19 TU,9.9 °C
X5,Roquetes - Pn dels Ports,ROQUETES___PN_DELS_PORTS_X5,2026-09-28,2026-09-28 12:21:12,https://www.meteo.cat/observacions/xema/dades?codi=X5&dia=2026-09-28T09:00Z,0 cm,87%,0.0 mm,1018.8 hPa,3.1 MJ/m2,32.4 km/h - 164º 3:09 TU,20.0 °C 11:42 TU,15.3 °C 3:49 TU,16.4 °C
D4,Roses,ROSES_D4,2026-09-28,2026-09-28 12:21:15,https://www.meteo.cat/observacions/xema/dades?codi=D4&dia=2026-09-28T09:00Z,,89%,0.0 mm,1019.5 hPa,6.2 MJ/m2,32.8 km/h - 141º 11:10 TU,26.7 °C 11:57 TU,21.3 °C 6:41 TU,23.2 °C
CI,Sant Pau de Segúries,SANT_PAU_DE_SEGURIES_CI,2026-09-28,2026-09-28 12:21:17,https://www.meteo.cat/observacions/xema/dades?codi=CI&dia=2026-09-28T09:00Z,,83%,0.0 mm,1020.0 hPa,,24.5 km/h - 233º 11:10 TU,23.4 °C 11:50 TU,15.1 °C 6:00 TU,17.8 °C
XS,Santa Coloma de Farners,SANTA_COLOMA_DE_FARNERS_XS,2026-09-28,2026-09-28 12:21:20,https://www.meteo.cat/observacions/xema/dades?codi=XS&dia=2026-09-28T09:00Z,,83%,0.0 mm,,7.7 MJ/m2,25.2 km/h - 187º 11:00 TU,28.8 °C 11:51 TU,17.3 °C 5:28 TU,21.0 °C
ZC,Setcases - Ulldeter (2.413 m),SETCASES___ULLDETER_2413_M_ZC,2026-09-28,2026-09-28 12:21:24,https://www.meteo.cat/observacions/xema/dades?codi=ZC&dia=2026-09-28T09:00Z,0 cm,62%,0.0 mm,,10.8 MJ/m2,35.6 km/h - 276º 3:03 TU,13.0 °C 10:07 TU,8.2 °C 5:44 TU,9.9 °C
XH,Sort,SORT_XH,2026-09-28,2026-09-28 12:21:27,https://www.meteo.cat/observacions/xema/dades?codi=XH&dia=2026-09-28T09:00Z,3 cm,83%,0.0 mm,1019.0 hPa,,,24.7 °C 11:59 TU,14.1 °C 6:22 TU,18.0 °C
XE,Tarragona - Complex Educatiu,TARRAGONA___COMPLEX_EDUCATIU_XE,2026-09-28,2026-09-28 12:21:30,https://www.meteo.cat/observacions/xema/dades?codi=XE&dia=2026-09-28T09:00Z,,79%,0.0 mm,1018.8 hPa,9.4 MJ/m2,21.2 km/h - 75º 9:22 TU,28.3 °C 11:46 TU,20.8 °C 0:39 TU,23.7 °C
UE,Torroella de Montgrí,TORROELLA_DE_MONTGRI_UE,2026-09-28,2026-09-28 12:21:33,https://www.meteo.cat/observacions/xema/dades?codi=UE&dia=2026-09-28T09:00Z,,92%,1.1 mm,,,,26.4 °C 11:59 TU,15.1 °C 5:07 TU,20.0 °C
XO,Vic,VIC_XO,2026-09-28,2026-09-28 12:21:37,https://www.meteo.cat/observacions/xema/dades?codi=XO&dia=2026-09-28T09:00Z,,91%,0.1 mm,,3.1 MJ/m2,13.0 km/h - 241º 1:17 TU,21.8 °C 9:25 TU,15.0 °C 6:06 TU,17.2 °C
VS,Vielha e Mijaran - Lac Redon (2.247 m),VIELHA_E_MIJARAN___LAC_REDON_2247_M_VS,2026-09-28,2026-09-28 12:21:40,https://www.meteo.cat/observacions/xema/dades?codi=VS&dia=2026-09-28T09:00Z,1 cm,93%,0.0 mm,,8.1 MJ/m2,29.9 km/h - 212º 11:48 TU,12.5 °C 11:55 TU,8.0 °C 5:17 TU,9.6 °C
YN,Vielha e Mijaran - Vielha - Elipòrt,VIELHA_E_MIJARAN___VIELHA___ELIPORT_YN,2026-09-28,2026-09-28 12:21:43,https://www.meteo.cat/observacions/xema/dades?codi=YN&dia=2026-09-28T09:00Z,2 cm,58%,0.0 mm,1015.9 hPa,7.8 MJ/m2,23.4 km/h - 320º 11:30 TU,26.3 °C 10:54 TU,15.9 °C 6:19 TU,19.5 °C
D7,Vinebre,VINEBRE_D7,2026-09-28,2026-09-28 12:21:46,https://www.meteo.cat/observacions/xema/dades?codi=D7&dia=2026-09-28T09:00Z,,73%,0.0 mm,1018.3 hPa,7.5 MJ/m2,28.4 km/h - 170º 11:59 TU,30.8 °C 11:58 TU,21.0 °C 6:14 TU,24.2 °C
